Asset_Category,Units,Average_Age_Years,Expected_Useful_Life_Years,Replacement_Cost,Current_Condition,Planned_Capex,Notes
Vacuum Trucks,28,9.5,8,12600000,Fair to Poor,400000,"Primary revenue fleet; average odometer 342000 mi; increasing hydraulic and vacuum pump repairs; 19 of 28 units beyond target replacement age."
Tanker Trailers,22,10.2,10,3960000,Fair,150000,"Average age at edge of useful life; 14 of 22 units in service more than 9 years; tank and valve refurbishment deferred."
Roll-Off Trucks,18,9.0,7,5400000,Fair to Poor,450000,"Average odometer 298000 mi; 13 of 18 beyond target replacement age; body and hoist wear reported."
Tractor-Trailers,16,7.0,7,4000000,Fair,300000,"Over-the-road units; replacement cycle approximately at target; engine hours elevated on 6 units."
Dump Trucks,14,8.6,8,3150000,Fair,250000,"Average odometer 265000 mi; 7 of 14 near or beyond useful life."
Hydro-Excavators,12,6.5,7,4800000,Good to Fair,500000,"Specialty units; water system components serviced; 4 of 12 approaching replacement age."
Service Trucks / Pickups,45,6.6,6,3060000,Fair,800000,"Largest unit count; 27 of 45 units beyond stated 6-year useful life; average odometer 138000 mi."
Heavy Equipment (Excavators, Loaders, Dozers),20,9.8,10,8400000,Fair to Poor,600000,"High utilization; undercarriage and hydraulic repairs increasing; 11 of 20 units beyond 9 years."
Trailers (Misc.),25,8.8,10,1500000,Fair,200000,"Flatbed, lowboy and utility trailers; deferred tire and brake work."
Remediation Equipment (Treatment, Blasting, Misc.),15,7.5,7,1950000,Good to Fair,350000,"Specialty remediation assets; limited models; parts lead times extended."
Support / Light Equipment,25,7.2,7,1200000,Fair,300000,"Generators, pumps, light towers; 12 of 25 units beyond useful life."
Buildings & Improvements,1,15.0,40,6800000,Good,250000,"Grand Junction owner-occupied industrial property; maintenance and minor improvements."
Leasehold Improvements,6,6.0,10,1200000,Good,120000,"Improvements at leased facilities; amortized over lease terms."
IT Hardware & ERP Platform,1,1.5,7,1500000,Good,300000,"Enterprise resource planning system implemented 2024; capitalized configuration and hardware."
RidgeTrack Software (Capitalized Development),1,4.0,5,650000,Good,150000,"Internally developed operational platform; ongoing enhancement and maintenance."
FLEET SUBTOTAL,240,8.2,7,50020000,,"4300000","Fleet includes 240 vehicles, trailers and pieces of heavy equipment. Weighted average age 8.2 years versus stated 7-year target replacement cycle for over-the-road vehicles; a substantial number of units are operating beyond their normal replacement cycle. Management's estimated normalized maintenance capital expenditures of $4,000,000 to $4,500,000 per year are reflected in Planned_Capex."
FIXED ASSETS (NON-FLEET) SUBTOTAL,6,6.9,10,10550000,,"870000","Includes owned real property, leasehold improvements, IT/ERP, capitalized RidgeTrack development and office equipment."
TOTAL COMPANY FIXED ASSETS AND FLEET,246,8.1,,60570000,,"5170000","Total estimated replacement cost of fleet and fixed assets. Planned_Capex reflects management's planned 2025 capital program; Growth_Capex is separate and not included above."
