Request_ID,Category,Question,Seller_Response,Amount_USD,Supporting_Note
FIN-001,Financial Statements,"Provide audited or reviewed financial statements for FY2021, FY2022, FY2023 and interim periods for the trailing twelve months ended September 30, 2024.","Reviewed financial statements are provided for FY2021-FY2023. Trailing twelve month period (TTM ended September 30, 2024) is unaudited and prepared on a basis consistent with prior periods.",,"See financial statements folder tab 3.1."
FIN-002,Revenue,"Provide revenue by service line for the TTM period ended September 30, 2024.","TTM revenue was approximately $127,100,000, comprised of waste management, remediation, industrial/field services, transportation, emergency response and facility services.","127100000","Revenue tied to general ledger and job costing system."
FIN-003,Customer Concentration,"Provide revenue by customer for the TTM period and identify the top ten customers.","Top ten customers represented approximately 67% of TTM revenue. The two largest customers were the U.S. Department of Energy ($24,400,000; 19.2%) and Consolidated Mining Corp. ($14,500,000; 11.4%).","38800000","Customer revenue schedules provided under tab 5 (customer contracts)."
FIN-004,Adjusted EBITDA,"Provide reported EBITDA and a reconciliation of reported EBITDA to adjusted EBITDA for the TTM period.","Reported EBITDA for the TTM period was $18,400,000. Management proposes the adjustments set forth below (FIN-005 through FIN-009). Total adjustments equal $5,400,000, resulting in adjusted EBITDA of $23,800,000.","18400000","Reported EBITDA is earnings before interest, taxes, depreciation and amortization."
FIN-005,EBITDA Adjustment,"Provide the amount and support for the litigation settlement adjustment.","Adjustment of $1,200,000 relates to a one-time settlement of a 2021 historical commercial contract dispute (Rocky Environmental Services, Inc. v. Anvil Fabrication Co.). The matter was settled in 2023 and does not relate to ongoing operations.","1200000","Settlement agreement dated June 2023, tab 12 (litigation). Not related to any current environmental regulatory matter."
FIN-006,EBITDA Adjustment,"Provide the amount and support for the owner compensation normalization adjustment.","Adjustment of $950,000 reflects the difference between compensation paid to the selling shareholder(s) and market-rate compensation that a buyer would pay for comparable roles.","950000","Based on management's estimate of market compensation; support provided by compensation study."
FIN-007,EBITDA Adjustment,"Provide the amount and support for the ERP implementation adjustment.","Adjustment of $650,000 reflects one-time costs associated with implementation of the Company's enterprise resource planning system, including configuration, data migration and training.","650000","ERP go-live occurred in 2024; costs are non-recurring."
FIN-008,EBITDA Adjustment,"Provide the amount and support for the Pinnacle acquisition-related expenses.","Adjustment of $800,000 reflects integration and transaction-related costs arising from the Company's acquisition of Pinnacle Waste Solutions, LLC.","800000","Pinnacle acquisition closed March 2022; amounts represent one-time integration expenses incurred in the period."
FIN-009,EBITDA Adjustment,"Provide the amount and support for the asbestos abatement wind-down adjustment.","Adjustment of $1,800,000 reflects costs associated with the wind-down and exit of the Company's asbestos abatement service line. The Company conducted asbestos abatement activities from 2012 through 2023 and discontinued that service line in 2023. Management considers these costs non-recurring. This is the largest individual EBITDA add-back.","1800000","Service line discontinued 2023; remaining costs relate to final demobilization, equipment disposal and closure of related work in process."
FIN-010,EBITDA Summary,"Confirm total adjustments and resulting adjusted EBITDA.","Total adjustments of $5,400,000; adjusted EBITDA of $23,800,000.","5400000","Sum of FIN-005 through FIN-009. See EBITDA reconciliation workpaper tab 4.2."
FIN-011,Working Capital,"Provide a monthly working capital rollforward for the TTM period.","Monthly working capital rollforward provided; normalized working capital ranges between approximately $16,000,000 and $19,000,000.","16000000","Ties to general ledger and management reporting."
FIN-012,Indebtedness,"Provide a schedule of outstanding indebtedness as of the most recent month end.","Outstanding indebtedness consists of a revolver and a term loan with High Plains Bank, N.A. See credit agreement tab 6.","38700000","Interest rates, maturity and covenants described in credit agreement."
FIN-013,Capital Expenditures,"Provide capital expenditures by category for FY2021-TTM.","Maintenance capital expenditures approximated $3,980,000 (FY2021), $4,180,000 (FY2022), $4,050,000 (FY2023) and $4,320,000 (TTM). Growth capital expenditures and total capital expenditures provided in the fixed asset schedule.","4320000","See fleet and fixed asset schedule tab 9."
FIN-014,Contingencies,"Identify any material contingencies, including pending litigation and regulatory matters.","The Company is party to various routine matters arising in the ordinary course. Certain matters are described in the data room litigation and regulatory schedule. No specific balance-sheet reserve has been recorded for asserted penalties in the noted regulatory matter.","","Discussions on certain regulatory matters remain ongoing. Refer to litigation and regulatory schedule tab 12."
FIN-015,Environmental,"Provide the Company's environmental remediation accrual balance.","The Company's environmental remediation accrual is approximately $3,200,000 across all facilities combined.","3200000","Accrual reflects management's estimate of probable and estimable remediation obligations across the portfolio."
FIN-016,Compliance,"Confirm whether any existing EBITDA adjustment duplicates a balance-sheet accrual.","The EBITDA adjustments set forth above relate to period costs and do not duplicate any balance-sheet accrual.","","No cross-accrual identified by management."
FIN-017,Add-Backs,"Confirm that all proposed add-backs are supported and complete.","Management confirms that the proposed add-backs are complete and supported by the documentation provided.","","Prepared by corporate controller; reviewed by CFO."
FIN-018,Accounts Receivable,"Provide an aged accounts receivable listing and bad debt history.","Aged AR listing provided; days sales outstanding approximates 47 days. Bad debt expense has been de minimis.","","AR aging as of September 30, 2024."
FIN-019,Prepared By,"Confirm the preparer of this response and date of submission.","Prepared by the Office of the Corporate Controller, Rocky Environmental Services, Inc.; submitted to Certain Point Partners LLC for distribution to Sycamore Capital Partners and Thornfield & Associates LLP.","","Submitted January 2025."
